[
  {
    "id": "73e1dc6c-8441-42cc-ad47-4bd3659f8a3a",
    "alias": "SPLodashSubset",
    "componentType": "Library",
    "version": "1.4.1",
    "manifestVersion": 2,
    "loaderConfig": {
      "entryModuleId": "sp-lodash-subset",
      "internalModuleBaseUrls": [
        "https://localhost:4321/node_modules/@microsoft/sp-lodash-subset/"
      ],
      "scriptResources": {
        "sp-lodash-subset": {
          "type": "path",
          "path": "dist/sp-lodash-subset.js"
        }
      }
    },
    "isInternal": true
  },
  {
    "id": "7263c7d0-1d6a-45ec-8d85-d4d1d234171b",
    "alias": "SPCoreLibrary",
    "componentType": "Library",
    "version": "1.4.1",
    "manifestVersion": 2,
    "loaderConfig": {
      "entryModuleId": "sp-core-library",
      "internalModuleBaseUrls": [
        "https://localhost:4321/node_modules/@microsoft/sp-core-library/"
      ],
      "scriptResources": {
        "sp-core-library": {
          "type": "localizedPath",
          "defaultPath": "dist/sp-core-library_en-us.js"
        },
        "@microsoft/sp-lodash-subset": {
          "type": "component",
          "version": "1.4.1",
          "id": "73e1dc6c-8441-42cc-ad47-4bd3659f8a3a"
        }
      }
    },
    "isInternal": true
  },
  {
    "id": "29bd516f-4ece-40b7-8028-597cbc65a223",
    "alias": "SpOfficeUIFabricCore",
    "componentType": "Library",
    "version": "1.4.1",
    "manifestVersion": 2,
    "loaderConfig": {
      "entryModuleId": "office-ui-fabric-core",
      "internalModuleBaseUrls": [
        "https://localhost:4321/node_modules/@microsoft/sp-office-ui-fabric-core/"
      ],
      "scriptResources": {
        "office-ui-fabric-core": {
          "type": "path",
          "path": "dist/office-ui-fabric-core.js"
        }
      }
    },
    "isInternal": true
  },
  {
    "id": "f97266fb-ccb7-430e-9384-4124d05295d3",
    "alias": "Decorators",
    "componentType": "Library",
    "version": "1.4.1",
    "manifestVersion": 2,
    "loaderConfig": {
      "entryModuleId": "decorators",
      "internalModuleBaseUrls": [
        "https://localhost:4321/node_modules/@microsoft/decorators/"
      ],
      "scriptResources": {
        "decorators": {
          "type": "path",
          "path": "dist/decorators.js"
        }
      }
    },
    "isInternal": true
  },
  {
    "id": "02a01e42-69ab-403d-8a16-acd128661f8e",
    "alias": "OfficeUIFabricReact",
    "componentType": "Library",
    "version": "1.4.1",
    "manifestVersion": 2,
    "loaderConfig": {
      "entryModuleId": "office-ui-fabric-react-bundle",
      "internalModuleBaseUrls": [
        "https://localhost:4321/node_modules/@microsoft/office-ui-fabric-react-bundle/"
      ],
      "scriptResources": {
        "office-ui-fabric-react-bundle": {
          "type": "path",
          "path": "dist/office-ui-fabric-react-bundle.js"
        },
        "react": {
          "type": "component",
          "version": "15.6.2",
          "id": "0d910c1c-13b9-4e1c-9aa4-b008c5e42d7d",
          "failoverPath": "node_modules/react/dist/react.js"
        },
        "react-dom": {
          "type": "component",
          "version": "15.6.2",
          "id": "aa0a46ec-1505-43cd-a44a-93f3a5aa460a",
          "failoverPath": "node_modules/react-dom/dist/react-dom.js"
        }
      }
    },
    "isInternal": true
  },
  {
    "id": "1e384972-6346-49b4-93c7-b2e6763938e6",
    "alias": "sp-polyfills",
    "componentType": "Library",
    "version": "1.4.1",
    "manifestVersion": 2,
    "loaderConfig": {
      "entryModuleId": "sp-polyfills",
      "internalModuleBaseUrls": [
        "/"
      ],
      "scriptResources": {
        "sp-polyfills": {
          "type": "path",
          "path": "dist/sp-polyfills.js"
        }
      }
    }
  },
  {
    "id": "1c6c9123-7aac-41f3-a376-3caea41ed83f",
    "alias": "SPLoader",
    "componentType": "Library",
    "version": "1.4.1",
    "manifestVersion": 2,
    "loaderConfig": {
      "entryModuleId": "sp-loader",
      "internalModuleBaseUrls": [
        "https://localhost:4321/node_modules/@microsoft/sp-loader/"
      ],
      "scriptResources": {
        "sp-loader": {
          "type": "localizedPath",
          "defaultPath": "dist/sp-loader_en-us.js"
        },
        "@microsoft/sp-core-library": {
          "type": "component",
          "version": "1.4.1",
          "id": "7263c7d0-1d6a-45ec-8d85-d4d1d234171b"
        },
        "@ms/sp-telemetry": {
          "type": "component",
          "version": "0.2.2",
          "id": "8217e442-8ed3-41fd-957d-b112e841286a"
        },
        "@microsoft/sp-lodash-subset": {
          "type": "component",
          "version": "1.4.1",
          "id": "73e1dc6c-8441-42cc-ad47-4bd3659f8a3a"
        }
      }
    },
    "isInternal": true
  },
  {
    "id": "c07208f0-ea3b-4c1a-9965-ac1b825211a6",
    "alias": "SPHttp",
    "componentType": "Library",
    "version": "1.4.1",
    "manifestVersion": 2,
    "loaderConfig": {
      "entryModuleId": "sp-http",
      "internalModuleBaseUrls": [
        "https://localhost:4321/node_modules/@microsoft/sp-http/"
      ],
      "scriptResources": {
        "sp-http": {
          "type": "localizedPath",
          "defaultPath": "dist/sp-http_en-us.js"
        },
        "@microsoft/sp-core-library": {
          "type": "component",
          "version": "1.4.1",
          "id": "7263c7d0-1d6a-45ec-8d85-d4d1d234171b"
        },
        "@microsoft/decorators": {
          "type": "component",
          "version": "1.4.1",
          "id": "f97266fb-ccb7-430e-9384-4124d05295d3"
        },
        "@ms/sp-telemetry": {
          "type": "component",
          "version": "0.2.2",
          "id": "8217e442-8ed3-41fd-957d-b112e841286a"
        },
        "@microsoft/sp-lodash-subset": {
          "type": "component",
          "version": "1.4.1",
          "id": "73e1dc6c-8441-42cc-ad47-4bd3659f8a3a"
        }
      }
    },
    "isInternal": true
  },
  {
    "id": "1c4541f7-5c31-41aa-9fa8-fbc9dc14c0a8",
    "alias": "SPPageContext",
    "componentType": "Library",
    "version": "1.4.1",
    "manifestVersion": 2,
    "loaderConfig": {
      "entryModuleId": "sp-page-context",
      "internalModuleBaseUrls": [
        "https://localhost:4321/node_modules/@microsoft/sp-page-context/"
      ],
      "scriptResources": {
        "sp-page-context": {
          "type": "path",
          "path": "dist/sp-page-context.js"
        },
        "@microsoft/sp-core-library": {
          "type": "component",
          "version": "1.4.1",
          "id": "7263c7d0-1d6a-45ec-8d85-d4d1d234171b"
        },
        "@ms/sp-telemetry": {
          "type": "component",
          "version": "0.2.2",
          "id": "8217e442-8ed3-41fd-957d-b112e841286a"
        },
        "@microsoft/sp-http": {
          "type": "component",
          "version": "1.4.1",
          "id": "c07208f0-ea3b-4c1a-9965-ac1b825211a6"
        }
      }
    },
    "isInternal": true
  },
  {
    "id": "467dc675-7cc5-4709-8aac-78e3b71bd2f6",
    "alias": "SPComponentBase",
    "componentType": "Library",
    "version": "1.4.1",
    "manifestVersion": 2,
    "loaderConfig": {
      "entryModuleId": "sp-component-base",
      "internalModuleBaseUrls": [
        "https://localhost:4321/node_modules/@microsoft/sp-component-base/"
      ],
      "scriptResources": {
        "sp-component-base": {
          "type": "path",
          "path": "dist/sp-component-base.js"
        },
        "@microsoft/decorators": {
          "type": "component",
          "version": "1.4.1",
          "id": "f97266fb-ccb7-430e-9384-4124d05295d3"
        },
        "@microsoft/sp-core-library": {
          "type": "component",
          "version": "1.4.1",
          "id": "7263c7d0-1d6a-45ec-8d85-d4d1d234171b"
        },
        "@ms/sp-telemetry": {
          "type": "component",
          "version": "0.2.2",
          "id": "8217e442-8ed3-41fd-957d-b112e841286a"
        },
        "@microsoft/sp-page-context": {
          "type": "component",
          "version": "1.4.1",
          "id": "1c4541f7-5c31-41aa-9fa8-fbc9dc14c0a8"
        }
      }
    },
    "isInternal": true
  },
  {
    "id": "974a7777-0990-4136-8fa6-95d80114c2e0",
    "alias": "SPWebPartBase",
    "componentType": "Library",
    "version": "1.4.1",
    "manifestVersion": 2,
    "loaderConfig": {
      "entryModuleId": "sp-webpart-base",
      "internalModuleBaseUrls": [
        "https://localhost:4321/node_modules/@microsoft/sp-webpart-base/"
      ],
      "scriptResources": {
        "sp-webpart-base": {
          "type": "localizedPath",
          "defaultPath": "dist/sp-webpart-base_en-us.js"
        },
        "@microsoft/sp-core-library": {
          "type": "component",
          "version": "1.4.1",
          "id": "7263c7d0-1d6a-45ec-8d85-d4d1d234171b"
        },
        "@microsoft/decorators": {
          "type": "component",
          "version": "1.4.1",
          "id": "f97266fb-ccb7-430e-9384-4124d05295d3"
        },
        "react": {
          "type": "component",
          "version": "15.6.2",
          "id": "0d910c1c-13b9-4e1c-9aa4-b008c5e42d7d",
          "failoverPath": "node_modules/react/dist/react.js"
        },
        "@ms/sp-telemetry": {
          "type": "component",
          "version": "0.2.2",
          "id": "8217e442-8ed3-41fd-957d-b112e841286a"
        },
        "@microsoft/sp-lodash-subset": {
          "type": "component",
          "version": "1.4.1",
          "id": "73e1dc6c-8441-42cc-ad47-4bd3659f8a3a"
        },
        "office-ui-fabric-react": {
          "type": "component",
          "version": "1.4.1",
          "id": "02a01e42-69ab-403d-8a16-acd128661f8e"
        },
        "react-dom": {
          "type": "component",
          "version": "15.6.2",
          "id": "aa0a46ec-1505-43cd-a44a-93f3a5aa460a",
          "failoverPath": "node_modules/react-dom/dist/react-dom.js"
        },
        "@microsoft/sp-http": {
          "type": "component",
          "version": "1.4.1",
          "id": "c07208f0-ea3b-4c1a-9965-ac1b825211a6"
        },
        "@microsoft/sp-component-base": {
          "type": "component",
          "version": "1.4.1",
          "id": "467dc675-7cc5-4709-8aac-78e3b71bd2f6"
        },
        "@microsoft/sp-loader": {
          "type": "component",
          "version": "1.4.1",
          "id": "1c6c9123-7aac-41f3-a376-3caea41ed83f"
        },
        "@microsoft/sp-page-context": {
          "type": "component",
          "version": "1.4.1",
          "id": "1c4541f7-5c31-41aa-9fa8-fbc9dc14c0a8"
        },
        "@microsoft/office-ui-fabric-react-bundle": {
          "type": "component",
          "version": "1.4.1",
          "id": "02a01e42-69ab-403d-8a16-acd128661f8e"
        }
      }
    },
    "isInternal": true
  },
  {
    "id": "0773bd53-a69e-4293-87e6-ba80ea4d614b",
    "alias": "SPExtensionBase",
    "componentType": "Library",
    "version": "1.4.1",
    "manifestVersion": 2,
    "loaderConfig": {
      "entryModuleId": "sp-extension-base",
      "internalModuleBaseUrls": [
        "https://localhost:4321/node_modules/@microsoft/sp-extension-base/"
      ],
      "scriptResources": {
        "sp-extension-base": {
          "type": "localizedPath",
          "defaultPath": "dist/sp-extension-base_en-us.js"
        },
        "@ms/sp-telemetry": {
          "type": "component",
          "version": "0.2.2",
          "id": "8217e442-8ed3-41fd-957d-b112e841286a"
        },
        "@microsoft/sp-component-base": {
          "type": "component",
          "version": "1.4.1",
          "id": "467dc675-7cc5-4709-8aac-78e3b71bd2f6"
        },
        "@microsoft/decorators": {
          "type": "component",
          "version": "1.4.1",
          "id": "f97266fb-ccb7-430e-9384-4124d05295d3"
        },
        "@microsoft/sp-http": {
          "type": "component",
          "version": "1.4.1",
          "id": "c07208f0-ea3b-4c1a-9965-ac1b825211a6"
        },
        "@microsoft/sp-core-library": {
          "type": "component",
          "version": "1.4.1",
          "id": "7263c7d0-1d6a-45ec-8d85-d4d1d234171b"
        },
        "@microsoft/sp-loader": {
          "type": "component",
          "version": "1.4.1",
          "id": "1c6c9123-7aac-41f3-a376-3caea41ed83f"
        }
      }
    },
    "isInternal": true
  },
  {
    "id": "4df9bb86-ab0a-4aab-ab5f-48bf167048fb",
    "alias": "SPApplicationBase",
    "componentType": "Library",
    "version": "1.4.1",
    "manifestVersion": 2,
    "loaderConfig": {
      "entryModuleId": "sp-application-base",
      "internalModuleBaseUrls": [
        "https://localhost:4321/node_modules/@microsoft/sp-application-base/"
      ],
      "scriptResources": {
        "sp-application-base": {
          "type": "localizedPath",
          "defaultPath": "dist/sp-application-base_en-us.js"
        },
        "@microsoft/sp-core-library": {
          "type": "component",
          "version": "1.4.1",
          "id": "7263c7d0-1d6a-45ec-8d85-d4d1d234171b"
        },
        "@ms/sp-telemetry": {
          "type": "component",
          "version": "0.2.2",
          "id": "8217e442-8ed3-41fd-957d-b112e841286a"
        },
        "@microsoft/sp-http": {
          "type": "component",
          "version": "1.4.1",
          "id": "c07208f0-ea3b-4c1a-9965-ac1b825211a6"
        },
        "@microsoft/sp-loader": {
          "type": "component",
          "version": "1.4.1",
          "id": "1c6c9123-7aac-41f3-a376-3caea41ed83f"
        },
        "@microsoft/sp-page-context": {
          "type": "component",
          "version": "1.4.1",
          "id": "1c4541f7-5c31-41aa-9fa8-fbc9dc14c0a8"
        },
        "@microsoft/sp-extension-base": {
          "type": "component",
          "version": "1.4.1",
          "id": "0773bd53-a69e-4293-87e6-ba80ea4d614b"
        },
        "@microsoft/sp-component-base": {
          "type": "component",
          "version": "1.4.1",
          "id": "467dc675-7cc5-4709-8aac-78e3b71bd2f6"
        },
        "@microsoft/decorators": {
          "type": "component",
          "version": "1.4.1",
          "id": "f97266fb-ccb7-430e-9384-4124d05295d3"
        },
        "@microsoft/sp-lodash-subset": {
          "type": "component",
          "version": "1.4.1",
          "id": "73e1dc6c-8441-42cc-ad47-4bd3659f8a3a"
        }
      }
    },
    "isInternal": true
  },
  {
    "id": "4d5eb168-6729-49a8-aec7-0e397f486b6e",
    "alias": "SPClientPreview",
    "componentType": "Library",
    "version": "1.4.1",
    "manifestVersion": 2,
    "loaderConfig": {
      "entryModuleId": "sp-client-preview",
      "internalModuleBaseUrls": [
        "https://localhost:4321/node_modules/@microsoft/sp-client-preview/"
      ],
      "scriptResources": {
        "sp-client-preview": {
          "type": "path",
          "path": "dist/sp-client-preview.js"
        },
        "@microsoft/sp-core-library": {
          "type": "component",
          "version": "1.4.1",
          "id": "7263c7d0-1d6a-45ec-8d85-d4d1d234171b"
        },
        "@microsoft/sp-lodash-subset": {
          "type": "component",
          "version": "1.4.1",
          "id": "73e1dc6c-8441-42cc-ad47-4bd3659f8a3a"
        },
        "@ms/sp-telemetry": {
          "type": "component",
          "version": "0.2.2",
          "id": "8217e442-8ed3-41fd-957d-b112e841286a"
        },
        "@microsoft/sp-http": {
          "type": "component",
          "version": "1.4.1",
          "id": "c07208f0-ea3b-4c1a-9965-ac1b825211a6"
        }
      }
    },
    "isInternal": true
  },
  {
    "id": "8be81a5c-af38-4bb2-af97-afa3b64dfbed",
    "alias": "WebPartWorkbench",
    "componentType": "Application",
    "version": "1.4.1",
    "manifestVersion": 2,
    "title": {
      "default": "WebpartWorkbench"
    },
    "description": {
      "default": "WebpartWorkbench"
    },
    "assemblyId": "5dae53c4-db1e-4d0b-b8b2-88c874dabf83",
    "preloadComponents": [
      "8217e442-8ed3-41fd-957d-b112e841286a",
      "4df9bb86-ab0a-4aab-ab5f-48bf167048fb",
      "05ed6956-59ad-4aa6-9e4e-b832c96ae87b"
    ],
    "preloadOptions": {
      "shouldPreloadWeb": true,
      "shouldPreloadUser": true,
      "shouldPreloadList": false,
      "shouldPreloadItem": true,
      "shouldPreloadQuickLaunch": true
    },
    "loaderConfig": {
      "entryModuleId": "sp-webpart-workbench",
      "internalModuleBaseUrls": [
        "https://localhost:4321/node_modules/@microsoft/sp-webpart-workbench/"
      ],
      "scriptResources": {
        "sp-webpart-workbench": {
          "type": "localizedPath",
          "defaultPath": "dist/sp-webpart-workbench_en-us.js"
        },
        "react": {
          "type": "component",
          "version": "15.6.2",
          "id": "0d910c1c-13b9-4e1c-9aa4-b008c5e42d7d",
          "failoverPath": "node_modules/react/dist/react.js"
        },
        "office-ui-fabric-react": {
          "type": "component",
          "version": "1.4.1",
          "id": "02a01e42-69ab-403d-8a16-acd128661f8e"
        },
        "@microsoft/sp-core-library": {
          "type": "component",
          "version": "1.4.1",
          "id": "7263c7d0-1d6a-45ec-8d85-d4d1d234171b"
        },
        "@ms/sp-telemetry": {
          "type": "component",
          "version": "0.2.2",
          "id": "8217e442-8ed3-41fd-957d-b112e841286a"
        },
        "@microsoft/sp-lodash-subset": {
          "type": "component",
          "version": "1.4.1",
          "id": "73e1dc6c-8441-42cc-ad47-4bd3659f8a3a"
        },
        "@microsoft/sp-webpart-base": {
          "type": "component",
          "version": "1.4.1",
          "id": "974a7777-0990-4136-8fa6-95d80114c2e0"
        },
        "react-dom": {
          "type": "component",
          "version": "15.6.2",
          "id": "aa0a46ec-1505-43cd-a44a-93f3a5aa460a",
          "failoverPath": "node_modules/react-dom/dist/react-dom.js"
        },
        "@microsoft/office-ui-fabric-react-bundle": {
          "type": "component",
          "version": "1.4.1",
          "id": "02a01e42-69ab-403d-8a16-acd128661f8e"
        },
        "@microsoft/sp-page-context": {
          "type": "component",
          "version": "1.4.1",
          "id": "1c4541f7-5c31-41aa-9fa8-fbc9dc14c0a8"
        },
        "@microsoft/sp-http": {
          "type": "component",
          "version": "1.4.1",
          "id": "c07208f0-ea3b-4c1a-9965-ac1b825211a6"
        },
        "@microsoft/sp-application-base": {
          "type": "component",
          "version": "1.4.1",
          "id": "4df9bb86-ab0a-4aab-ab5f-48bf167048fb"
        },
        "@microsoft/sp-loader": {
          "type": "component",
          "version": "1.4.1",
          "id": "1c6c9123-7aac-41f3-a376-3caea41ed83f"
        }
      }
    },
    "isInternal": true
  },
  {
    "id": "8b65aa4a-236e-4408-b8dc-f95d2e5346c5",
    "alias": "TestFormWebPart",
    "componentType": "WebPart",
    "version": "0.0.1",
    "manifestVersion": 2,
    "requiresCustomScript": false,
    "preconfiguredEntries": [
      {
        "groupId": "5c03119e-3074-46fd-976b-c60198311f70",
        "group": {
          "default": "Other"
        },
        "title": {
          "default": "TestForm"
        },
        "description": {
          "default": "test Form in spfx"
        },
        "officeFabricIconFontName": "Page",
        "properties": {
          "description": "TestForm"
        }
      }
    ],
    "loaderConfig": {
      "entryModuleId": "test-form-web-part",
      "internalModuleBaseUrls": [
        "https://localhost:4321/"
      ],
      "scriptResources": {
        "test-form-web-part": {
          "type": "path",
          "path": "dist/test-form-web-part.js"
        },
        "jquery": {
          "type": "path",
          "path": "https://ajax.googleapis.com/ajax/libs/jquery/3.3.1/jquery.min.js",
          "globalName": "jquery"
        },
        "bootstrap": {
          "type": "path",
          "path": "https://maxcdn.bootstrapcdn.com/bootstrap/3.3.7/js/bootstrap.min.js",
          "globalDependencies": [
            "jquery"
          ],
          "globalName": "bootstrap"
        },
        "appjs": {
          "type": "path",
          "path": "lib/webparts/testForm/scripts/app.js",
          "globalName": "appjs"
        },
        "sppeoplepicker": {
          "type": "path",
          "path": "lib/webparts/testForm/scripts/sp.peoplepicker.js",
          "globalName": "sppeoplepicker"
        },
        "jqueryui": {
          "type": "path",
          "path": "lib/webparts/testForm/scripts/jquery-ui.js",
          "globalName": "jqueryui"
        },
        "TestFormWebPartStrings": {
          "defaultPath": "lib/webparts/testForm/loc/en-us.js",
          "type": "localizedPath",
          "paths": {}
        },
        "@microsoft/sp-webpart-base": {
          "type": "component",
          "version": "1.4.1",
          "id": "974a7777-0990-4136-8fa6-95d80114c2e0"
        },
        "@microsoft/sp-loader": {
          "type": "component",
          "version": "1.4.1",
          "id": "1c6c9123-7aac-41f3-a376-3caea41ed83f"
        }
      }
    }
  },
  {
    "id": "b2eb82c6-466f-439c-9d2c-e8a9c807adaa",
    "alias": "CalenderWebPart",
    "componentType": "WebPart",
    "version": "0.0.1",
    "manifestVersion": 2,
    "requiresCustomScript": false,
    "preconfiguredEntries": [
      {
        "groupId": "5c03119e-3074-46fd-976b-c60198311f70",
        "group": {
          "default": "Other"
        },
        "title": {
          "default": "Calender"
        },
        "description": {
          "default": "Calender description"
        },
        "officeFabricIconFontName": "Page",
        "properties": {
          "description": "Calender"
        }
      }
    ],
    "loaderConfig": {
      "entryModuleId": "calender-web-part",
      "internalModuleBaseUrls": [
        "https://localhost:4321/"
      ],
      "scriptResources": {
        "calender-web-part": {
          "type": "path",
          "path": "dist/calender-web-part.js"
        },
        "jquery": {
          "type": "path",
          "path": "https://ajax.googleapis.com/ajax/libs/jquery/3.3.1/jquery.min.js",
          "globalName": "jquery"
        },
        "moment": {
          "type": "path",
          "path": "https://cdnjs.cloudflare.com/ajax/libs/moment.js/2.10.6/moment.min.js"
        },
        "fullcalendar": {
          "type": "path",
          "path": "https://cdnjs.cloudflare.com/ajax/libs/fullcalendar/3.4.0/fullcalendar.min.js",
          "globalDependencies": [
            "jquery"
          ],
          "globalName": "jQuery"
        },
        "@microsoft/sp-webpart-base": {
          "type": "component",
          "version": "1.4.1",
          "id": "974a7777-0990-4136-8fa6-95d80114c2e0"
        }
      }
    }
  }
]