{"id":"8b65aa4a-236e-4408-b8dc-f95d2e5346c5","alias":"TestFormWebPart","componentType":"WebPart","version":"0.0.1","manifestVersion":2,"requiresCustomScript":false,"preconfiguredEntries":[{"groupId":"5c03119e-3074-46fd-976b-c60198311f70","group":{"default":"Other"},"title":{"default":"TestForm"},"description":{"default":"test Form in spfx"},"officeFabricIconFontName":"Page","properties":{"description":"TestForm"}}],"loaderConfig":{"entryModuleId":"test-form-web-part","internalModuleBaseUrls":["<!-- PATH TO CDN -->/"],"scriptResources":{"test-form-web-part":{"type":"path","path":"test-form-web-part_54456175d6aad92597d7d21894d088ae.js"},"jquery":{"type":"path","path":"https://ajax.googleapis.com/ajax/libs/jquery/3.3.1/jquery.min.js","globalName":"jquery"},"bootstrap":{"type":"path","path":"https://maxcdn.bootstrapcdn.com/bootstrap/3.3.7/js/bootstrap.min.js","globalDependencies":["jquery"],"globalName":"bootstrap"},"appjs":{"type":"path","path":"appjs_5137eda43927685ad5da321cb99a1b16.js","globalName":"appjs"},"sppeoplepicker":{"type":"path","path":"sppeoplepicker_c69d433076934868d415b96c13ab93d0.js","globalName":"sppeoplepicker"},"jqueryui":{"type":"path","path":"jqueryui_ab5284de5e3d221e53647fd348e5644b.js","globalName":"jqueryui"},"TestFormWebPartStrings":{"defaultPath":"testform-testformwebpartstrings_en-us_536e65149b0acf4d52c0043073b9fc59.js","type":"localizedPath","paths":{}},"@microsoft/sp-webpart-base":{"type":"component","version":"1.4.1","id":"974a7777-0990-4136-8fa6-95d80114c2e0"},"@microsoft/sp-loader":{"type":"component","version":"1.4.1","id":"1c6c9123-7aac-41f3-a376-3caea41ed83f"}}}}