{"id":"b2eb82c6-466f-439c-9d2c-e8a9c807adaa","alias":"CalenderWebPart","componentType":"WebPart","version":"0.0.1","manifestVersion":2,"requiresCustomScript":false,"preconfiguredEntries":[{"groupId":"5c03119e-3074-46fd-976b-c60198311f70","group":{"default":"Other"},"title":{"default":"Calender"},"description":{"default":"Calender description"},"officeFabricIconFontName":"Page","properties":{"description":"Calender"}}],"loaderConfig":{"entryModuleId":"calender-web-part","internalModuleBaseUrls":["<!-- PATH TO CDN -->/"],"scriptResources":{"calender-web-part":{"type":"path","path":"calender-web-part_f676e041476a3f1143315dbe293f6386.js"},"jquery":{"type":"path","path":"https://ajax.googleapis.com/ajax/libs/jquery/3.3.1/jquery.min.js","globalName":"jquery"},"moment":{"type":"path","path":"https://cdnjs.cloudflare.com/ajax/libs/moment.js/2.10.6/moment.min.js"},"fullcalendar":{"type":"path","path":"https://cdnjs.cloudflare.com/ajax/libs/fullcalendar/3.4.0/fullcalendar.min.js","globalDependencies":["jquery"],"globalName":"jQuery"},"@microsoft/sp-webpart-base":{"type":"component","version":"1.4.1","id":"974a7777-0990-4136-8fa6-95d80114c2e0"}}}}