{"id":"1be8320f-8d09-417c-961a-53fcbe04cd2d","alias":"MattergridviewWebPart","componentType":"WebPart","version":"0.0.1","manifestVersion":2,"requiresCustomScript":false,"supportedHosts":["SharePointWebPart"],"preconfiguredEntries":[{"groupId":"5c03119e-3074-46fd-976b-c60198311f70","group":{"default":"Other"},"title":{"default":"mattergridview"},"description":{"default":"mattergridview description"},"officeFabricIconFontName":"Page","properties":{"description":"mattergridview"}}],"loaderConfig":{"entryModuleId":"mattergridview-web-part","internalModuleBaseUrls":["<!-- PATH TO CDN -->/"],"scriptResources":{"mattergridview-web-part":{"type":"path","path":"mattergridview-web-part_65de31940406674e9dc4ff53a509801d.js"},"ControlStrings":{"defaultPath":"ariagrace-controlstrings_en-us_52a6ba12e17213cb432213e7a90b16e0.js","type":"localizedPath","paths":{"eu-ES":"ariagrace-controlstrings_eu-es_bdd4fbcb9c89d185f22bedcf3fee3629.js","de-DE":"ariagrace-controlstrings_de-de_9a766dd8ab90c170379f35d0d3afc0fb.js","de":"ariagrace-controlstrings_de-de_9a766dd8ab90c170379f35d0d3afc0fb.js","dsb":"ariagrace-controlstrings_de-de_9a766dd8ab90c170379f35d0d3afc0fb.js","rm":"ariagrace-controlstrings_de-de_9a766dd8ab90c170379f35d0d3afc0fb.js","hsb":"ariagrace-controlstrings_de-de_9a766dd8ab90c170379f35d0d3afc0fb.js","da-DK":"ariagrace-controlstrings_da-dk_c7476ecd6ecfdbcf1905b5235a1629f9.js","fo":"ariagrace-controlstrings_da-dk_c7476ecd6ecfdbcf1905b5235a1629f9.js","kl":"ariagrace-controlstrings_da-dk_c7476ecd6ecfdbcf1905b5235a1629f9.js","el-GR":"ariagrace-controlstrings_el-gr_45f07701b8ff07609b5dd7066552f1ec.js","el":"ariagrace-controlstrings_el-gr_45f07701b8ff07609b5dd7066552f1ec.js","bg-BG":"ariagrace-controlstrings_bg-bg_35fc799afc9aeaf3dc68347b998668af.js","en-US":"ariagrace-controlstrings_en-us_52a6ba12e17213cb432213e7a90b16e0.js","bn":"ariagrace-controlstrings_en-us_52a6ba12e17213cb432213e7a90b16e0.js","chr":"ariagrace-controlstrings_en-us_52a6ba12e17213cb432213e7a90b16e0.js","dv":"ariagrace-controlstrings_en-us_52a6ba12e17213cb432213e7a90b16e0.js","div":"ariagrace-controlstrings_en-us_52a6ba12e17213cb432213e7a90b16e0.js","en":"ariagrace-controlstrings_en-us_52a6ba12e17213cb432213e7a90b16e0.js","fil":"ariagrace-controlstrings_en-us_52a6ba12e17213cb432213e7a90b16e0.js","haw":"ariagrace-controlstrings_en-us_52a6ba12e17213cb432213e7a90b16e0.js","iu":"ariagrace-controlstrings_en-us_52a6ba12e17213cb432213e7a90b16e0.js","lo":"ariagrace-controlstrings_en-us_52a6ba12e17213cb432213e7a90b16e0.js","moh":"ariagrace-controlstrings_en-us_52a6ba12e17213cb432213e7a90b16e0.js","ca-ES":"ariagrace-controlstrings_ca-es_dc3f0ad29e655ac369102af722cafd83.js","es-ES":"ariagrace-controlstrings_es-es_8cb23ff0f88fe73f36b12da9f8006f97.js","gn":"ariagrace-controlstrings_es-es_8cb23ff0f88fe73f36b12da9f8006f97.js","quz":"ariagrace-controlstrings_es-es_8cb23ff0f88fe73f36b12da9f8006f97.js","es":"ariagrace-controlstrings_es-es_8cb23ff0f88fe73f36b12da9f8006f97.js","ca-ES-valencia":"ariagrace-controlstrings_es-es_8cb23ff0f88fe73f36b12da9f8006f97.js","et-EE":"ariagrace-controlstrings_et-ee_10f358a5d14ec852e3d6f404a77d8959.js","ja-JP":"ariagrace-controlstrings_ja-jp_b742108dce098f43ddea1f6011e2e1ed.js","lt-LT":"ariagrace-controlstrings_lt-lt_c1878b021bed1b87a72ba379a15fbf95.js","it-IT":"ariagrace-controlstrings_it-it_bbbd3ae1b65e3fe980e1a5fb5b430195.js","it":"ariagrace-controlstrings_it-it_bbbd3ae1b65e3fe980e1a5fb5b430195.js","fr-FR":"ariagrace-controlstrings_fr-fr_b91e6be87cd5b4a66cd6184c07cfdd91.js","gsw":"ariagrace-controlstrings_fr-fr_b91e6be87cd5b4a66cd6184c07cfdd91.js","br":"ariagrace-controlstrings_fr-fr_b91e6be87cd5b4a66cd6184c07cfdd91.js","tzm-Tfng":"ariagrace-controlstrings_fr-fr_b91e6be87cd5b4a66cd6184c07cfdd91.js","co":"ariagrace-controlstrings_fr-fr_b91e6be87cd5b4a66cd6184c07cfdd91.js","fr":"ariagrace-controlstrings_fr-fr_b91e6be87cd5b4a66cd6184c07cfdd91.js","ff":"ariagrace-controlstrings_fr-fr_b91e6be87cd5b4a66cd6184c07cfdd91.js","lb":"ariagrace-controlstrings_fr-fr_b91e6be87cd5b4a66cd6184c07cfdd91.js","mg":"ariagrace-controlstrings_fr-fr_b91e6be87cd5b4a66cd6184c07cfdd91.js","oc":"ariagrace-controlstrings_fr-fr_b91e6be87cd5b4a66cd6184c07cfdd91.js","zgh":"ariagrace-controlstrings_fr-fr_b91e6be87cd5b4a66cd6184c07cfdd91.js","wo":"ariagrace-controlstrings_fr-fr_b91e6be87cd5b4a66cd6184c07cfdd91.js","fi-FI":"ariagrace-controlstrings_fi-fi_24d6371e03a870f0e109f4c15618ad90.js","sms":"ariagrace-controlstrings_fi-fi_24d6371e03a870f0e109f4c15618ad90.js","se-FI":"ariagrace-controlstrings_fi-fi_24d6371e03a870f0e109f4c15618ad90.js","se-Latn-FI":"ariagrace-controlstrings_fi-fi_24d6371e03a870f0e109f4c15618ad90.js","lv-LV":"ariagrace-controlstrings_lv-lv_098f31fb8264841acc5325f21e91325a.js","pl-PL":"ariagrace-controlstrings_pl-pl_6ab659bd27bf4b189c08bc87f4ac84de.js","pt-PT":"ariagrace-controlstrings_pt-pt_861a9e43d243f3d8b9cc4b29fe14454b.js","pt":"ariagrace-controlstrings_pt-pt_861a9e43d243f3d8b9cc4b29fe14454b.js","nl-NL":"ariagrace-controlstrings_nl-nl_61b134c60f51ee4c3bd3d4ad9bfcf63f.js","nl":"ariagrace-controlstrings_nl-nl_61b134c60f51ee4c3bd3d4ad9bfcf63f.js","fy":"ariagrace-controlstrings_nl-nl_61b134c60f51ee4c3bd3d4ad9bfcf63f.js","nb-NO":"ariagrace-controlstrings_nb-no_6950f243fec5341bf8b23cfd508d39c3.js","no":"ariagrace-controlstrings_nb-no_6950f243fec5341bf8b23cfd508d39c3.js","nb":"ariagrace-controlstrings_nb-no_6950f243fec5341bf8b23cfd508d39c3.js","nn":"ariagrace-controlstrings_nb-no_6950f243fec5341bf8b23cfd508d39c3.js","smj-NO":"ariagrace-controlstrings_nb-no_6950f243fec5341bf8b23cfd508d39c3.js","smj-Latn-NO":"ariagrace-controlstrings_nb-no_6950f243fec5341bf8b23cfd508d39c3.js","se-NO":"ariagrace-controlstrings_nb-no_6950f243fec5341bf8b23cfd508d39c3.js","se-Latn-NO":"ariagrace-controlstrings_nb-no_6950f243fec5341bf8b23cfd508d39c3.js","sma-Latn":"ariagrace-controlstrings_nb-no_6950f243fec5341bf8b23cfd508d39c3.js","sma-NO":"ariagrace-controlstrings_nb-no_6950f243fec5341bf8b23cfd508d39c3.js","ru-RU":"ariagrace-controlstrings_ru-ru_6dd08c3207e8be4af9dd1bf14090dc39.js","ru":"ariagrace-controlstrings_ru-ru_6dd08c3207e8be4af9dd1bf14090dc39.js","ba":"ariagrace-controlstrings_ru-ru_6dd08c3207e8be4af9dd1bf14090dc39.js","be":"ariagrace-controlstrings_ru-ru_6dd08c3207e8be4af9dd1bf14090dc39.js","ky":"ariagrace-controlstrings_ru-ru_6dd08c3207e8be4af9dd1bf14090dc39.js","mn":"ariagrace-controlstrings_ru-ru_6dd08c3207e8be4af9dd1bf14090dc39.js","sah":"ariagrace-controlstrings_ru-ru_6dd08c3207e8be4af9dd1bf14090dc39.js","tg":"ariagrace-controlstrings_ru-ru_6dd08c3207e8be4af9dd1bf14090dc39.js","tt":"ariagrace-controlstrings_ru-ru_6dd08c3207e8be4af9dd1bf14090dc39.js","tk":"ariagrace-controlstrings_ru-ru_6dd08c3207e8be4af9dd1bf14090dc39.js","sk-SK":"ariagrace-controlstrings_sk-sk_d72fe089cab8ab7c54c91ead556ba4b6.js","sk":"ariagrace-controlstrings_sk-sk_d72fe089cab8ab7c54c91ead556ba4b6.js","sv-SE":"ariagrace-controlstrings_sv-se_b6d21ee4f865ecf0eb02dfebec60e13c.js","smj":"ariagrace-controlstrings_sv-se_b6d21ee4f865ecf0eb02dfebec60e13c.js","se":"ariagrace-controlstrings_sv-se_b6d21ee4f865ecf0eb02dfebec60e13c.js","sv":"ariagrace-controlstrings_sv-se_b6d21ee4f865ecf0eb02dfebec60e13c.js","sma-SE":"ariagrace-controlstrings_sv-se_b6d21ee4f865ecf0eb02dfebec60e13c.js","sma-Latn-SE":"ariagrace-controlstrings_sv-se_b6d21ee4f865ecf0eb02dfebec60e13c.js","tr-TR":"ariagrace-controlstrings_tr-tr_e2f1f969130b54991cb5a1525930da0a.js","tr":"ariagrace-controlstrings_tr-tr_e2f1f969130b54991cb5a1525930da0a.js","ro-RO":"ariagrace-controlstrings_ro-ro_80fa9876aeeae4a2c1d9271020e13cdb.js","ro":"ariagrace-controlstrings_ro-ro_80fa9876aeeae4a2c1d9271020e13cdb.js","sr-Latn-RS":"ariagrace-controlstrings_sr-latn-rs_8d4941ae26133c30538d9db5bcbd3fdb.js","sr":"ariagrace-controlstrings_sr-latn-rs_8d4941ae26133c30538d9db5bcbd3fdb.js","zh-TW":"ariagrace-controlstrings_zh-tw_cb3ebc43a4d85ed3b66b5f70e05cbf23.js","zh-HK":"ariagrace-controlstrings_zh-tw_cb3ebc43a4d85ed3b66b5f70e05cbf23.js","zh-CHT":"ariagrace-controlstrings_zh-tw_cb3ebc43a4d85ed3b66b5f70e05cbf23.js","zh-Hant":"ariagrace-controlstrings_zh-tw_cb3ebc43a4d85ed3b66b5f70e05cbf23.js","zh-MO":"ariagrace-controlstrings_zh-tw_cb3ebc43a4d85ed3b66b5f70e05cbf23.js","vi-VN":"ariagrace-controlstrings_vi-vn_3940a49151f3b2f02efa46b4281383ae.js","vi":"ariagrace-controlstrings_vi-vn_3940a49151f3b2f02efa46b4281383ae.js","zh-CN":"ariagrace-controlstrings_zh-cn_ccd61b36dbdb5d2245a728fe9bf9f095.js","zh":"ariagrace-controlstrings_zh-cn_ccd61b36dbdb5d2245a728fe9bf9f095.js","mn-Mong":"ariagrace-controlstrings_zh-cn_ccd61b36dbdb5d2245a728fe9bf9f095.js","bo":"ariagrace-controlstrings_zh-cn_ccd61b36dbdb5d2245a728fe9bf9f095.js","ug":"ariagrace-controlstrings_zh-cn_ccd61b36dbdb5d2245a728fe9bf9f095.js","ii":"ariagrace-controlstrings_zh-cn_ccd61b36dbdb5d2245a728fe9bf9f095.js"}},"MattergridviewWebPartStrings":{"defaultPath":"ariagrace-mattergridviewwebpartstrings_en-us_536e65149b0acf4d52c0043073b9fc59.js","type":"localizedPath","paths":{}},"@microsoft/sp-property-pane":{"type":"component","version":"1.11.0","id":"f9e737b7-f0df-4597-ba8c-3060f82380db"},"@microsoft/sp-lodash-subset":{"type":"component","version":"1.11.0","id":"73e1dc6c-8441-42cc-ad47-4bd3659f8a3a"},"@microsoft/sp-core-library":{"type":"component","version":"1.11.0","id":"7263c7d0-1d6a-45ec-8d85-d4d1d234171b"},"@microsoft/sp-webpart-base":{"type":"component","version":"1.11.0","id":"974a7777-0990-4136-8fa6-95d80114c2e0"},"react":{"type":"component","version":"16.8.5","id":"0d910c1c-13b9-4e1c-9aa4-b008c5e42d7d"},"react-dom":{"type":"component","version":"16.8.5","id":"aa0a46ec-1505-43cd-a44a-93f3a5aa460a"}}}}